candidate_id,full_name,email,phone,degree,years_experience,tech_stack,certifications,application_date
1,Rami Rezig,rami1@gmail.com,2165551001,Licence,5,"Python, Django",Oracle Cert,2025-02-18
2,Lina Ben Ali,lina2@gmail.com,2165551002,Licence,9,"Python, React",None,2025-02-22
3,Farah Hamdi,farah3@gmail.com,2165551003,Master,2,"Python, Data Science",None,2025-03-06
4,Samia Mokni,samia4@gmail.com,2165551004,Master,10,"React, Node.js",Oracle Cert,2025-04-12
5,Mohamed Hamdi,mohamed5@gmail.com,2165551005,Master,3,"React, Node.js",None,2025-03-06
6,Nadir Ayadi,nadir6@gmail.com,2165551006,Master,7,"Python, Data Science",AWS Certified,2025-02-28
7,Marwa Jaziri,marwa7@gmail.com,2165551007,Licence,4,"Python, Django",Oracle Cert,2025-01-14
8,Salma Jelassi,salma8@gmail.com,2165551008,Licence,2,"Python, Data Science",None,2025-04-22
9,Sara Khir,sara9@gmail.com,2165551009,Master,4,"React, Node.js",AWS Certified,2025-01-10
10,Amina Jelassi,amina10@gmail.com,2165551010,Master,10,"Python, React",Google Cert,2025-05-07
11,Marwa Ben Ali,marwa11@gmail.com,2165551011,Licence,9,"JavaScript, React",Google Cert,2025-01-09
12,Sonia Gharbi,sonia12@gmail.com,2165551012,Licence,10,"Python, Data Science",AWS Certified,2025-04-03
13,Youssef Ben Ali,youssef13@gmail.com,2165551013,Licence,2,"JavaScript, React",None,2025-04-01
14,Amina Jelassi,amina14@gmail.com,2165551014,Licence,9,"Python, React",AWS Certified,2025-01-24
15,Noor Belhaj,noor15@gmail.com,2165551015,Master,6,"JavaScript, React",Google Cert,2025-02-19
16,Marwa Jelassi,marwa16@gmail.com,2165551016,Licence,5,"Python, Data Science",None,2025-05-10
17,Ahmed Mokni,ahmed17@gmail.com,2165551017,Licence,9,"JavaScript, React",Oracle Cert,2025-01-30
18,Anis Kallel,anis18@gmail.com,2165551018,Master,8,"Python, Django",None,2025-03-04
19,Farah Bouazizi,farah19@gmail.com,2165551019,Master,10,"Python, React",None,2025-01-30
20,Samia Khir,samia20@gmail.com,2165551020,Master,4,"Python, ML, SQL",Oracle Cert,2025-04-16
21,Tarek Gharbi,tarek21@gmail.com,2165551021,Licence,5,"Python, ML, SQL",Oracle Cert,2025-01-24
22,Amina Saidi,amina22@gmail.com,2165551022,Licence,9,"Python, Data Science",None,2025-03-22
23,Tarek Fakhri,tarek23@gmail.com,2165551023,Master,3,"Python, ML, SQL",None,2025-02-21
24,Youssef Rezig,youssef24@gmail.com,2165551024,Master,4,"Python, ML, SQL",Google Cert,2025-03-05
25,Sonia Khaldi,sonia25@gmail.com,2165551025,Licence,2,"Java, Spring Boot",AWS Certified,2025-05-07
26,Sonia Ben Ali,sonia26@gmail.com,2165551026,Licence,8,"React, Node.js",Oracle Cert,2025-05-07
27,Yassine Kallel,yassine27@gmail.com,2165551027,Master,3,"JavaScript, React",None,2025-02-26
28,Yassine Mansour,yassine28@gmail.com,2165551028,Licence,9,"Python, Django",None,2025-05-19
29,Karim Gharbi,karim29@gmail.com,2165551029,Master,7,"Python, Data Science",None,2025-01-31
30,Anis Bouazizi,anis30@gmail.com,2165551030,Master,1,"Python, React",Google Cert,2025-04-08
31,Yassine Ben Hassen,yassine31@gmail.com,2165551031,Master,6,"JavaScript, React",Google Cert,2025-03-09
32,Youssef Kallel,youssef32@gmail.com,2165551032,Master,10,"React, Node.js",Oracle Cert,2025-02-17
33,Rami Hamdi,rami33@gmail.com,2165551033,Licence,7,"React, Node.js",Oracle Cert,2025-04-13
34,Samia Bouazizi,samia34@gmail.com,2165551034,Licence,10,"Python, Data Science",Google Cert,2025-01-26
35,Samia Rezig,samia35@gmail.com,2165551035,Master,7,"Python, ML, SQL",Google Cert,2025-02-08
36,Rami Ben Ali,rami36@gmail.com,2165551036,Licence,7,"Java, Hibernate",Google Cert,2025-05-13
37,Noor Saidi,noor37@gmail.com,2165551037,Master,5,"JavaScript, React",AWS Certified,2025-04-12
38,Ahmed Jaziri,ahmed38@gmail.com,2165551038,Licence,4,"JavaScript, React",None,2025-01-25
39,Marwa Saidi,marwa39@gmail.com,2165551039,Master,6,"React, Node.js",Oracle Cert,2025-03-30
40,Lina Hamdi,lina40@gmail.com,2165551040,Licence,6,"Python, ML, SQL",Google Cert,2025-03-14
41,Tarek Saidi,tarek41@gmail.com,2165551041,Master,8,"Java, Spring Boot",None,2025-03-15
42,Marwa Mansour,marwa42@gmail.com,2165551042,Licence,6,"Python, Django",None,2025-01-19
43,Sara Jaziri,sara43@gmail.com,2165551043,Master,4,"React, Node.js",Oracle Cert,2025-03-16
44,Samia Zribi,samia44@gmail.com,2165551044,Master,5,"Java, Hibernate",Oracle Cert,2025-05-14
45,Marwa Hamdi,marwa45@gmail.com,2165551045,Licence,3,"Python, React",Google Cert,2025-03-02
46,Samia Khir,samia46@gmail.com,2165551046,Licence,3,"Python, Django",AWS Certified,2025-01-25
47,Sara Ben Salah,sara47@gmail.com,2165551047,Licence,1,"Python, Django",AWS Certified,2025-01-27
48,Samia Zribi,samia48@gmail.com,2165551048,Licence,2,"Python, Django",Oracle Cert,2025-02-28
49,Youssef Belhaj,youssef49@gmail.com,2165551049,Master,3,"Python, Data Science",Google Cert,2025-01-08
50,Karim Khaldi,karim50@gmail.com,2165551050,Master,8,"Java, Hibernate",Oracle Cert,2025-04-24
51,Hassan Mokni,hassan51@gmail.com,2165551051,Licence,10,"Java, Hibernate",None,2025-05-15
52,Noor Belhaj,noor52@gmail.com,2165551052,Master,8,"Python, ML, SQL",AWS Certified,2025-04-24
53,Nadir Khaldi,nadir53@gmail.com,2165551053,Master,5,"Python, Data Science",Oracle Cert,2025-01-03
54,Lina Gharbi,lina54@gmail.com,2165551054,Licence,6,"JavaScript, React",None,2025-05-17
55,Lina Ben Salah,lina55@gmail.com,2165551055,Master,5,"Python, React",None,2025-03-16
56,Sonia Rezig,sonia56@gmail.com,2165551056,Licence,9,"React, Node.js",Google Cert,2025-04-16
57,Noor Hamdi,noor57@gmail.com,2165551057,Master,4,"Python, Data Science",None,2025-04-07
58,Youssef Kallel,youssef58@gmail.com,2165551058,Licence,7,"Python, ML, SQL",Oracle Cert,2025-03-14
59,Noor Kallel,noor59@gmail.com,2165551059,Master,4,"Java, Spring Boot",Google Cert,2025-02-04
60,Nadir Ben Hassen,nadir60@gmail.com,2165551060,Master,10,"Java, Hibernate",Oracle Cert,2025-05-06
61,Mohamed Saidi,mohamed61@gmail.com,2165551061,Licence,3,"Python, React",AWS Certified,2025-02-17
62,Ahmed Belhaj,ahmed62@gmail.com,2165551062,Master,3,"Java, Hibernate",AWS Certified,2025-03-01
63,Sara Mansour,sara63@gmail.com,2165551063,Licence,8,"Python, ML, SQL",Oracle Cert,2025-04-18
64,Nadir Ben Salah,nadir64@gmail.com,2165551064,Master,8,"Python, React",Oracle Cert,2025-01-21
65,Hassan Trabelsi,hassan65@gmail.com,2165551065,Master,7,"Java, Spring Boot",None,2025-02-16
66,Mohamed Kallel,mohamed66@gmail.com,2165551066,Master,1,"Java, Spring Boot",Google Cert,2025-04-09
67,Marwa Rezig,marwa67@gmail.com,2165551067,Licence,4,"Java, Hibernate",AWS Certified,2025-05-14
68,Mohamed Ben Salah,mohamed68@gmail.com,2165551068,Master,5,"React, Node.js",Google Cert,2025-01-11
69,Noor Gharbi,noor69@gmail.com,2165551069,Licence,5,"Java, Hibernate",Oracle Cert,2025-02-20
70,Tarek Trabelsi,tarek70@gmail.com,2165551070,Licence,2,"Python, ML, SQL",None,2025-03-25
71,Lina Jaziri,lina71@gmail.com,2165551071,Master,10,"Java, Spring Boot",None,2025-03-04
72,Lina Trabelsi,lina72@gmail.com,2165551072,Master,10,"Python, Data Science",Oracle Cert,2025-01-23
73,Youssef Jaziri,youssef73@gmail.com,2165551073,Master,2,"React, Node.js",AWS Certified,2025-01-16
74,Tarek Mansour,tarek74@gmail.com,2165551074,Licence,3,"Java, Hibernate",Google Cert,2025-03-23
75,Noor Khaldi,noor75@gmail.com,2165551075,Master,4,"Python, React",None,2025-04-02
76,Hassan Kallel,hassan76@gmail.com,2165551076,Licence,8,"Java, Hibernate",Oracle Cert,2025-05-19
77,Rami Fakhri,rami77@gmail.com,2165551077,Licence,9,"React, Node.js",Oracle Cert,2025-04-30
78,Samia Zribi,samia78@gmail.com,2165551078,Licence,2,"Python, Data Science",None,2025-03-17
79,Samia Mokni,samia79@gmail.com,2165551079,Master,8,"Python, React",None,2025-02-17
80,Lina Zribi,lina80@gmail.com,2165551080,Master,10,"Python, ML, SQL",Oracle Cert,2025-01-17
81,Noor Jelassi,noor81@gmail.com,2165551081,Licence,9,"Java, Hibernate",Google Cert,2025-03-14
82,Farah Hamdi,farah82@gmail.com,2165551082,Master,2,"Java, Spring Boot",AWS Certified,2025-01-12
83,Hassan Jaziri,hassan83@gmail.com,2165551083,Licence,4,"Java, Spring Boot",None,2025-02-19
84,Ahmed Trabelsi,ahmed84@gmail.com,2165551084,Master,8,"JavaScript, React",AWS Certified,2025-04-04
85,Youssef Zribi,youssef85@gmail.com,2165551085,Licence,1,"Python, ML, SQL",None,2025-01-21
86,Marwa Trabelsi,marwa86@gmail.com,2165551086,Master,9,"Python, Django",Oracle Cert,2025-01-15
87,Sonia Kallel,sonia87@gmail.com,2165551087,Licence,2,"JavaScript, React",AWS Certified,2025-02-25
88,Anis Ben Hassen,anis88@gmail.com,2165551088,Licence,4,"Python, Django",Google Cert,2025-02-19
89,Anis Rezig,anis89@gmail.com,2165551089,Licence,9,"Python, Django",AWS Certified,2025-04-02
90,Marwa Hamdi,marwa90@gmail.com,2165551090,Licence,3,"Python, Data Science",None,2025-05-10
91,Farah Jaziri,farah91@gmail.com,2165551091,Master,6,"React, Node.js",Oracle Cert,2025-04-06
92,Hichem Hamdi,hichem92@gmail.com,2165551092,Master,10,"Python, ML, SQL",Google Cert,2025-04-07
93,Noor Kallel,noor93@gmail.com,2165551093,Master,8,"Java, Hibernate",None,2025-01-01
94,Karim Belhaj,karim94@gmail.com,2165551094,Licence,9,"Python, Data Science",Oracle Cert,2025-01-02
95,Nadir Rezig,nadir95@gmail.com,2165551095,Licence,6,"Python, React",Oracle Cert,2025-05-11
96,Noor Ayadi,noor96@gmail.com,2165551096,Licence,2,"Python, React",None,2025-04-02
97,Hassan Mansour,hassan97@gmail.com,2165551097,Master,6,"Python, ML, SQL",Google Cert,2025-03-07
98,Nadir Khir,nadir98@gmail.com,2165551098,Master,10,"Python, ML, SQL",AWS Certified,2025-03-25
99,Rami Jaziri,rami99@gmail.com,2165551099,Master,10,"Java, Spring Boot",Oracle Cert,2025-01-10
100,Yassine Jelassi,yassine100@gmail.com,2165551100,Licence,1,"React, Node.js",Oracle Cert,2025-04-22
101,Hichem Ben Hassen,hichem101@gmail.com,2165551101,Licence,10,"Python, React",None,2025-01-14
102,Nadir Gharbi,nadir102@gmail.com,2165551102,Licence,6,"Python, Data Science",Oracle Cert,2025-05-09
103,Youssef Mansour,youssef103@gmail.com,2165551103,Licence,7,"Java, Hibernate",AWS Certified,2025-02-26
104,Hichem Belhaj,hichem104@gmail.com,2165551104,Master,3,"Python, Data Science",Oracle Cert,2025-01-22
105,Rami Ayadi,rami105@gmail.com,2165551105,Licence,9,"Python, Django",Oracle Cert,2025-01-22
106,Amina Gharbi,amina106@gmail.com,2165551106,Master,3,"Python, Data Science",None,2025-02-20
107,Rami Jelassi,rami107@gmail.com,2165551107,Licence,9,"Python, ML, SQL",Google Cert,2025-01-19
108,Samia Hamdi,samia108@gmail.com,2165551108,Master,10,"Java, Spring Boot",AWS Certified,2025-04-16
109,Hichem Khaldi,hichem109@gmail.com,2165551109,Master,4,"React, Node.js",Oracle Cert,2025-01-07
110,Nadir Jaziri,nadir110@gmail.com,2165551110,Master,10,"Java, Hibernate",Google Cert,2025-04-23
111,Karim Rezig,karim111@gmail.com,2165551111,Licence,6,"Python, Data Science",AWS Certified,2025-01-29
112,Karim Rezig,karim112@gmail.com,2165551112,Licence,5,"Python, React",Oracle Cert,2025-01-29
113,Nadir Bouazizi,nadir113@gmail.com,2165551113,Master,1,"React, Node.js",Google Cert,2025-05-18
114,Mohamed Fakhri,mohamed114@gmail.com,2165551114,Master,9,"Java, Hibernate",Google Cert,2025-01-05
115,Amina Ayadi,amina115@gmail.com,2165551115,Licence,5,"Python, Data Science",AWS Certified,2025-03-14
116,Mohamed Zribi,mohamed116@gmail.com,2165551116,Master,1,"Java, Hibernate",AWS Certified,2025-01-18
117,Amina Kallel,amina117@gmail.com,2165551117,Master,2,"Python, React",Oracle Cert,2025-04-09
118,Youssef Jelassi,youssef118@gmail.com,2165551118,Licence,6,"Java, Hibernate",AWS Certified,2025-02-17
119,Mohamed Gharbi,mohamed119@gmail.com,2165551119,Master,9,"Python, React",AWS Certified,2025-03-05
120,Anis Belhaj,anis120@gmail.com,2165551120,Master,8,"Python, Django",Google Cert,2025-01-05
121,Tarek Khaldi,tarek121@gmail.com,2165551121,Master,5,"Python, ML, SQL",Oracle Cert,2025-01-16
122,Samia Jelassi,samia122@gmail.com,2165551122,Licence,9,"JavaScript, React",Google Cert,2025-02-08
123,Farah Jelassi,farah123@gmail.com,2165551123,Licence,2,"Python, Django",Google Cert,2025-04-17
124,Youssef Ayadi,youssef124@gmail.com,2165551124,Licence,7,"JavaScript, React",Oracle Cert,2025-04-25
125,Noor Mansour,noor125@gmail.com,2165551125,Licence,3,"Python, ML, SQL",Google Cert,2025-03-21
126,Anis Mansour,anis126@gmail.com,2165551126,Master,3,"Python, Data Science",Oracle Cert,2025-01-18
127,Noor Mokni,noor127@gmail.com,2165551127,Licence,3,"React, Node.js",Google Cert,2025-01-08
128,Farah Hamdi,farah128@gmail.com,2165551128,Master,5,"Java, Hibernate",Oracle Cert,2025-02-08
129,Mohamed Ben Hassen,mohamed129@gmail.com,2165551129,Licence,3,"Python, React",Oracle Cert,2025-03-01
130,Sonia Rezig,sonia130@gmail.com,2165551130,Licence,1,"React, Node.js",AWS Certified,2025-05-03
131,Hassan Gharbi,hassan131@gmail.com,2165551131,Master,6,"Python, Data Science",None,2025-05-06
132,Rami Mansour,rami132@gmail.com,2165551132,Licence,4,"Python, ML, SQL",AWS Certified,2025-04-15
133,Lina Kallel,lina133@gmail.com,2165551133,Master,4,"Python, ML, SQL",Google Cert,2025-01-17
134,Salma Bouazizi,salma134@gmail.com,2165551134,Master,6,"Java, Hibernate",Google Cert,2025-04-20
135,Amina Trabelsi,amina135@gmail.com,2165551135,Master,6,"Python, Django",AWS Certified,2025-05-14
136,Ahmed Bouazizi,ahmed136@gmail.com,2165551136,Master,1,"Python, ML, SQL",None,2025-01-11
137,Noor Jelassi,noor137@gmail.com,2165551137,Licence,4,"JavaScript, React",None,2025-04-12
138,Nadir Belhaj,nadir138@gmail.com,2165551138,Master,3,"Python, Django",Oracle Cert,2025-01-14
139,Anis Mansour,anis139@gmail.com,2165551139,Master,8,"Java, Spring Boot",AWS Certified,2025-02-16
140,Yassine Mokni,yassine140@gmail.com,2165551140,Licence,7,"Python, Django",Oracle Cert,2025-04-26
141,Lina Jaziri,lina141@gmail.com,2165551141,Master,10,"Python, ML, SQL",None,2025-01-24
142,Samia Saidi,samia142@gmail.com,2165551142,Licence,2,"Java, Spring Boot",AWS Certified,2025-04-26
143,Tarek Khir,tarek143@gmail.com,2165551143,Master,9,"Python, Data Science",None,2025-04-08
144,Karim Jaziri,karim144@gmail.com,2165551144,Master,10,"Python, Data Science",Google Cert,2025-02-07
145,Salma Trabelsi,salma145@gmail.com,2165551145,Master,5,"JavaScript, React",None,2025-03-15
146,Salma Ben Hassen,salma146@gmail.com,2165551146,Licence,4,"Python, React",Oracle Cert,2025-01-04
147,Marwa Ben Salah,marwa147@gmail.com,2165551147,Master,9,"Python, React",None,2025-03-02
148,Mohamed Ayadi,mohamed148@gmail.com,2165551148,Master,8,"Python, Django",None,2025-01-21
149,Sonia Zribi,sonia149@gmail.com,2165551149,Licence,4,"JavaScript, React",Google Cert,2025-01-13
150,Salma Mansour,salma150@gmail.com,2165551150,Licence,6,"Python, React",Google Cert,2025-01-09
151,Yassine Zribi,yassine151@gmail.com,2165551151,Master,6,"Java, Spring Boot",AWS Certified,2025-01-28
152,Hichem Jaziri,hichem152@gmail.com,2165551152,Licence,5,"Python, Data Science",None,2025-04-03
153,Karim Khir,karim153@gmail.com,2165551153,Master,6,"React, Node.js",None,2025-01-18
154,Hichem Mokni,hichem154@gmail.com,2165551154,Licence,5,"Java, Hibernate",Google Cert,2025-02-01
155,Samia Saidi,samia155@gmail.com,2165551155,Master,9,"Python, ML, SQL",Google Cert,2025-01-15
156,Ahmed Ayadi,ahmed156@gmail.com,2165551156,Licence,8,"JavaScript, React",None,2025-03-23
157,Samia Gharbi,samia157@gmail.com,2165551157,Master,3,"Java, Hibernate",None,2025-05-07
158,Salma Zribi,salma158@gmail.com,2165551158,Licence,5,"Python, ML, SQL",AWS Certified,2025-01-31
159,Lina Bouazizi,lina159@gmail.com,2165551159,Licence,4,"Python, Django",None,2025-01-12
160,Farah Khaldi,farah160@gmail.com,2165551160,Licence,1,"Python, ML, SQL",Oracle Cert,2025-03-07
161,Sara Belhaj,sara161@gmail.com,2165551161,Master,9,"React, Node.js",AWS Certified,2025-01-30
162,Farah Saidi,farah162@gmail.com,2165551162,Master,10,"Python, React",Google Cert,2025-02-19
163,Farah Saidi,farah163@gmail.com,2165551163,Master,8,"Python, React",Google Cert,2025-05-04
164,Hassan Bouazizi,hassan164@gmail.com,2165551164,Master,8,"Python, Django",AWS Certified,2025-05-14
165,Nadir Ayadi,nadir165@gmail.com,2165551165,Master,9,"Python, React",Google Cert,2025-03-26
166,Tarek Khir,tarek166@gmail.com,2165551166,Licence,5,"Python, React",Oracle Cert,2025-04-07
167,Noor Jaziri,noor167@gmail.com,2165551167,Master,3,"Java, Spring Boot",Oracle Cert,2025-03-22
168,Karim Kallel,karim168@gmail.com,2165551168,Master,2,"Java, Hibernate",Google Cert,2025-04-06
169,Marwa Belhaj,marwa169@gmail.com,2165551169,Licence,9,"JavaScript, React",Google Cert,2025-01-29
170,Tarek Trabelsi,tarek170@gmail.com,2165551170,Licence,2,"Java, Hibernate",AWS Certified,2025-05-04
171,Anis Mansour,anis171@gmail.com,2165551171,Licence,6,"Java, Hibernate",Oracle Cert,2025-03-25
172,Hassan Ben Hassen,hassan172@gmail.com,2165551172,Licence,4,"Python, React",None,2025-04-10
173,Anis Ben Hassen,anis173@gmail.com,2165551173,Licence,5,"Python, React",AWS Certified,2025-03-27
174,Marwa Trabelsi,marwa174@gmail.com,2165551174,Licence,9,"JavaScript, React",AWS Certified,2025-03-21
175,Mohamed Saidi,mohamed175@gmail.com,2165551175,Licence,4,"JavaScript, React",Oracle Cert,2025-05-17
176,Farah Bouazizi,farah176@gmail.com,2165551176,Licence,5,"Python, Data Science",Google Cert,2025-03-12
177,Ahmed Ben Ali,ahmed177@gmail.com,2165551177,Licence,4,"React, Node.js",Oracle Cert,2025-03-11
178,Hassan Belhaj,hassan178@gmail.com,2165551178,Licence,3,"Java, Spring Boot",Oracle Cert,2025-03-28
179,Noor Bouazizi,noor179@gmail.com,2165551179,Licence,3,"Python, React",None,2025-01-13
180,Ahmed Jelassi,ahmed180@gmail.com,2165551180,Licence,2,"Python, Django",None,2025-02-15
181,Sonia Ayadi,sonia181@gmail.com,2165551181,Master,10,"React, Node.js",Oracle Cert,2025-03-27
182,Mohamed Mokni,mohamed182@gmail.com,2165551182,Licence,8,"Python, Data Science",AWS Certified,2025-04-30
183,Ahmed Bouazizi,ahmed183@gmail.com,2165551183,Master,8,"Java, Hibernate",Google Cert,2025-02-27
184,Hassan Zribi,hassan184@gmail.com,2165551184,Master,6,"Python, Django",Google Cert,2025-03-26
185,Farah Bouazizi,farah185@gmail.com,2165551185,Master,1,"Java, Spring Boot",None,2025-01-29
186,Tarek Ben Salah,tarek186@gmail.com,2165551186,Master,3,"JavaScript, React",Oracle Cert,2025-02-02
187,Anis Ben Hassen,anis187@gmail.com,2165551187,Master,2,"React, Node.js",AWS Certified,2025-03-19
188,Noor Bouazizi,noor188@gmail.com,2165551188,Master,10,"Python, Django",Google Cert,2025-03-04
189,Noor Jaziri,noor189@gmail.com,2165551189,Master,7,"Java, Spring Boot",Oracle Cert,2025-02-23
190,Yassine Hamdi,yassine190@gmail.com,2165551190,Master,10,"React, Node.js",Google Cert,2025-02-14
191,Sara Ayadi,sara191@gmail.com,2165551191,Master,2,"Java, Hibernate",Oracle Cert,2025-01-25
192,Marwa Jaziri,marwa192@gmail.com,2165551192,Master,7,"Java, Spring Boot",AWS Certified,2025-04-08
193,Farah Ben Salah,farah193@gmail.com,2165551193,Licence,2,"Python, ML, SQL",Google Cert,2025-01-01
194,Hassan Mansour,hassan194@gmail.com,2165551194,Master,9,"JavaScript, React",None,2025-04-25
195,Mohamed Fakhri,mohamed195@gmail.com,2165551195,Master,5,"JavaScript, React",None,2025-03-30
196,Sara Ayadi,sara196@gmail.com,2165551196,Licence,10,"Python, Django",Google Cert,2025-03-17
197,Karim Khaldi,karim197@gmail.com,2165551197,Licence,1,"React, Node.js",AWS Certified,2025-03-14
198,Lina Rezig,lina198@gmail.com,2165551198,Master,10,"Python, Django",Oracle Cert,2025-04-08
199,Amina Jelassi,amina199@gmail.com,2165551199,Master,9,"Python, ML, SQL",Google Cert,2025-05-02
200,Hassan Fakhri,hassan200@gmail.com,2165551200,Master,6,"Python, Django",Google Cert,2025-03-15
201,Hassan Mansour,hassan201@gmail.com,2165551201,Licence,2,"Python, React",Google Cert,2025-05-05
202,Hichem Mansour,hichem202@gmail.com,2165551202,Licence,3,"Python, Django",None,2025-04-19
203,Sonia Jaziri,sonia203@gmail.com,2165551203,Master,9,"Python, Django",None,2025-04-09
204,Tarek Rezig,tarek204@gmail.com,2165551204,Licence,7,"Python, React",None,2025-03-02
205,Anis Kallel,anis205@gmail.com,2165551205,Master,9,"React, Node.js",AWS Certified,2025-01-10
206,Yassine Ben Salah,yassine206@gmail.com,2165551206,Master,2,"Java, Hibernate",AWS Certified,2025-02-06
207,Anis Kallel,anis207@gmail.com,2165551207,Master,9,"Java, Spring Boot",AWS Certified,2025-03-04
208,Rami Khir,rami208@gmail.com,2165551208,Master,10,"Python, React",Oracle Cert,2025-05-17
209,Lina Ben Salah,lina209@gmail.com,2165551209,Master,9,"Java, Hibernate",Oracle Cert,2025-04-18
210,Tarek Belhaj,tarek210@gmail.com,2165551210,Master,3,"Python, React",Oracle Cert,2025-03-08
211,Karim Ben Salah,karim211@gmail.com,2165551211,Licence,10,"Python, React",Oracle Cert,2025-01-07
212,Nadir Ben Salah,nadir212@gmail.com,2165551212,Licence,3,"Java, Spring Boot",Oracle Cert,2025-03-06
213,Hassan Zribi,hassan213@gmail.com,2165551213,Master,5,"JavaScript, React",AWS Certified,2025-01-29
214,Sonia Jaziri,sonia214@gmail.com,2165551214,Licence,8,"React, Node.js",Google Cert,2025-03-08
215,Youssef Ben Salah,youssef215@gmail.com,2165551215,Licence,9,"Python, React",Oracle Cert,2025-01-22
216,Hassan Zribi,hassan216@gmail.com,2165551216,Licence,8,"Python, Django",None,2025-03-02
217,Marwa Jaziri,marwa217@gmail.com,2165551217,Licence,10,"React, Node.js",AWS Certified,2025-03-09
218,Ahmed Trabelsi,ahmed218@gmail.com,2165551218,Licence,8,"Python, Django",None,2025-03-19
219,Rami Mokni,rami219@gmail.com,2165551219,Licence,7,"Python, Django",None,2025-03-09
220,Hassan Gharbi,hassan220@gmail.com,2165551220,Master,1,"JavaScript, React",None,2025-04-08
221,Farah Gharbi,farah221@gmail.com,2165551221,Licence,2,"React, Node.js",None,2025-03-11
222,Farah Kallel,farah222@gmail.com,2165551222,Master,2,"JavaScript, React",None,2025-04-29
223,Youssef Ayadi,youssef223@gmail.com,2165551223,Licence,9,"React, Node.js",Google Cert,2025-03-22
224,Noor Ben Ali,noor224@gmail.com,2165551224,Licence,2,"Python, React",None,2025-01-26
225,Anis Ben Hassen,anis225@gmail.com,2165551225,Master,6,"Python, ML, SQL",Oracle Cert,2025-03-06
226,Mohamed Trabelsi,mohamed226@gmail.com,2165551226,Licence,10,"Java, Spring Boot",AWS Certified,2025-02-25
227,Sonia Ben Hassen,sonia227@gmail.com,2165551227,Licence,2,"Python, Data Science",None,2025-02-17
228,Ahmed Jaziri,ahmed228@gmail.com,2165551228,Master,5,"Java, Hibernate",AWS Certified,2025-04-27
229,Samia Hamdi,samia229@gmail.com,2165551229,Master,5,"Python, Data Science",AWS Certified,2025-03-12
230,Karim Jelassi,karim230@gmail.com,2165551230,Master,6,"Python, React",Oracle Cert,2025-03-09
231,Salma Bouazizi,salma231@gmail.com,2165551231,Licence,8,"Python, ML, SQL",None,2025-02-15
232,Rami Ben Hassen,rami232@gmail.com,2165551232,Licence,9,"Python, Django",Google Cert,2025-01-28
233,Marwa Kallel,marwa233@gmail.com,2165551233,Licence,1,"Java, Spring Boot",AWS Certified,2025-03-06
234,Marwa Ben Ali,marwa234@gmail.com,2165551234,Master,3,"Python, React",AWS Certified,2025-04-10
235,Samia Mansour,samia235@gmail.com,2165551235,Master,7,"Python, React",None,2025-05-03
236,Hichem Jelassi,hichem236@gmail.com,2165551236,Licence,9,"Python, ML, SQL",AWS Certified,2025-04-09
237,Rami Ben Hassen,rami237@gmail.com,2165551237,Master,6,"JavaScript, React",None,2025-01-15
238,Sara Khaldi,sara238@gmail.com,2165551238,Master,2,"Java, Hibernate",Oracle Cert,2025-02-21
239,Salma Mokni,salma239@gmail.com,2165551239,Licence,7,"Python, ML, SQL",Oracle Cert,2025-04-10
240,Ahmed Khaldi,ahmed240@gmail.com,2165551240,Master,2,"Java, Hibernate",Google Cert,2025-02-05
241,Karim Fakhri,karim241@gmail.com,2165551241,Licence,10,"Python, ML, SQL",None,2025-04-10
242,Sara Mokni,sara242@gmail.com,2165551242,Master,8,"Java, Hibernate",AWS Certified,2025-01-10
243,Farah Trabelsi,farah243@gmail.com,2165551243,Master,1,"Python, Django",AWS Certified,2025-02-24
244,Anis Bouazizi,anis244@gmail.com,2165551244,Licence,10,"Python, ML, SQL",AWS Certified,2025-01-10
245,Hassan Ben Salah,hassan245@gmail.com,2165551245,Licence,8,"Python, React",Google Cert,2025-02-03
246,Lina Jaziri,lina246@gmail.com,2165551246,Licence,5,"Java, Spring Boot",None,2025-02-13
247,Yassine Khir,yassine247@gmail.com,2165551247,Licence,2,"Java, Hibernate",Google Cert,2025-01-17
248,Mohamed Hamdi,mohamed248@gmail.com,2165551248,Master,7,"React, Node.js",AWS Certified,2025-05-20
249,Hassan Saidi,hassan249@gmail.com,2165551249,Licence,1,"Python, Data Science",Oracle Cert,2025-01-17
250,Ahmed Kallel,ahmed250@gmail.com,2165551250,Licence,7,"Python, Data Science",Oracle Cert,2025-02-12
251,Marwa Rezig,marwa251@gmail.com,2165551251,Licence,3,"Java, Spring Boot",None,2025-02-10
252,Lina Ben Salah,lina252@gmail.com,2165551252,Licence,1,"Python, React",Google Cert,2025-01-23
253,Yassine Belhaj,yassine253@gmail.com,2165551253,Master,8,"Python, Data Science",Google Cert,2025-02-06
254,Samia Gharbi,samia254@gmail.com,2165551254,Master,7,"Python, ML, SQL",Google Cert,2025-01-10
255,Sonia Jaziri,sonia255@gmail.com,2165551255,Master,10,"Java, Spring Boot",Oracle Cert,2025-03-31
256,Hichem Ben Ali,hichem256@gmail.com,2165551256,Licence,4,"Java, Spring Boot",AWS Certified,2025-04-03
257,Noor Gharbi,noor257@gmail.com,2165551257,Licence,8,"Python, ML, SQL",Oracle Cert,2025-01-14
258,Mohamed Ben Hassen,mohamed258@gmail.com,2165551258,Licence,8,"Java, Hibernate",Google Cert,2025-02-10
259,Karim Trabelsi,karim259@gmail.com,2165551259,Master,5,"Python, ML, SQL",None,2025-03-06
260,Farah Zribi,farah260@gmail.com,2165551260,Master,1,"Java, Spring Boot",AWS Certified,2025-05-18
261,Salma Jaziri,salma261@gmail.com,2165551261,Licence,8,"Java, Spring Boot",AWS Certified,2025-03-02
262,Marwa Ayadi,marwa262@gmail.com,2165551262,Master,7,"Python, ML, SQL",Oracle Cert,2025-02-28
263,Ahmed Saidi,ahmed263@gmail.com,2165551263,Licence,2,"Python, ML, SQL",None,2025-02-21
264,Amina Rezig,amina264@gmail.com,2165551264,Licence,8,"Java, Hibernate",AWS Certified,2025-04-22
265,Hassan Fakhri,hassan265@gmail.com,2165551265,Master,3,"Python, Django",Oracle Cert,2025-02-04
266,Marwa Fakhri,marwa266@gmail.com,2165551266,Master,5,"Python, ML, SQL",Oracle Cert,2025-02-02
267,Karim Ayadi,karim267@gmail.com,2165551267,Licence,5,"Python, Data Science",AWS Certified,2025-04-30
268,Marwa Hamdi,marwa268@gmail.com,2165551268,Licence,6,"Python, ML, SQL",Oracle Cert,2025-02-10
269,Sonia Jaziri,sonia269@gmail.com,2165551269,Licence,2,"Python, Django",None,2025-02-25
270,Yassine Ben Salah,yassine270@gmail.com,2165551270,Master,5,"Python, React",None,2025-03-05
271,Youssef Saidi,youssef271@gmail.com,2165551271,Master,10,"Python, ML, SQL",Google Cert,2025-01-02
272,Hichem Trabelsi,hichem272@gmail.com,2165551272,Licence,8,"Python, React",None,2025-05-16
273,Amina Ben Salah,amina273@gmail.com,2165551273,Licence,8,"Java, Hibernate",Google Cert,2025-01-22
274,Noor Ben Ali,noor274@gmail.com,2165551274,Master,4,"Python, Data Science",Oracle Cert,2025-03-17
275,Youssef Khir,youssef275@gmail.com,2165551275,Licence,8,"JavaScript, React",Google Cert,2025-04-28
276,Yassine Ayadi,yassine276@gmail.com,2165551276,Licence,8,"Java, Hibernate",Google Cert,2025-04-14
277,Salma Khaldi,salma277@gmail.com,2165551277,Master,1,"Java, Spring Boot",None,2025-03-27
278,Anis Trabelsi,anis278@gmail.com,2165551278,Master,7,"JavaScript, React",Google Cert,2025-01-21
279,Sonia Saidi,sonia279@gmail.com,2165551279,Licence,9,"React, Node.js",AWS Certified,2025-01-29
280,Amina Khaldi,amina280@gmail.com,2165551280,Master,10,"Python, React",Oracle Cert,2025-04-04
281,Salma Mokni,salma281@gmail.com,2165551281,Licence,9,"Python, ML, SQL",Google Cert,2025-03-27
282,Youssef Mokni,youssef282@gmail.com,2165551282,Licence,8,"Python, ML, SQL",Google Cert,2025-03-24
283,Tarek Kallel,tarek283@gmail.com,2165551283,Master,5,"Python, React",AWS Certified,2025-04-06
284,Tarek Bouazizi,tarek284@gmail.com,2165551284,Master,9,"Java, Spring Boot",None,2025-05-17
285,Noor Belhaj,noor285@gmail.com,2165551285,Master,10,"React, Node.js",AWS Certified,2025-02-18
286,Marwa Khir,marwa286@gmail.com,2165551286,Licence,7,"Python, Data Science",Oracle Cert,2025-01-20
287,Ahmed Jaziri,ahmed287@gmail.com,2165551287,Master,2,"Python, Data Science",None,2025-02-08
288,Mohamed Gharbi,mohamed288@gmail.com,2165551288,Licence,5,"Python, Django",Google Cert,2025-05-02
289,Tarek Hamdi,tarek289@gmail.com,2165551289,Master,1,"JavaScript, React",Google Cert,2025-01-17
290,Lina Rezig,lina290@gmail.com,2165551290,Master,7,"React, Node.js",Oracle Cert,2025-05-05
291,Yassine Gharbi,yassine291@gmail.com,2165551291,Master,8,"JavaScript, React",Google Cert,2025-03-20
292,Salma Kallel,salma292@gmail.com,2165551292,Licence,8,"React, Node.js",Oracle Cert,2025-01-13
293,Hassan Khaldi,hassan293@gmail.com,2165551293,Master,8,"Python, Data Science",Google Cert,2025-05-18
294,Nadir Jaziri,nadir294@gmail.com,2165551294,Licence,3,"Python, Data Science",Google Cert,2025-01-30
295,Karim Saidi,karim295@gmail.com,2165551295,Licence,8,"JavaScript, React",Oracle Cert,2025-02-17
296,Mohamed Mokni,mohamed296@gmail.com,2165551296,Licence,6,"React, Node.js",Google Cert,2025-04-06
297,Marwa Mokni,marwa297@gmail.com,2165551297,Licence,9,"JavaScript, React",AWS Certified,2025-01-07
298,Amina Ben Salah,amina298@gmail.com,2165551298,Licence,8,"React, Node.js",Google Cert,2025-01-02
299,Noor Gharbi,noor299@gmail.com,2165551299,Master,5,"Java, Hibernate",Oracle Cert,2025-02-07
300,Yassine Bouazizi,yassine300@gmail.com,2165551300,Master,2,"Java, Hibernate",AWS Certified,2025-02-05
